{
  "polygon_coords": [
    [
      37.532494,
      127.02693
    ],
    [
      37.512874,
      127.00676
    ],
    [
      37.484935,
      127.016888
    ],
    [
      37.49911,
      127.07345
    ],
    [
      37.518802,
      127.066069
    ]
  ],
  "grid_size_m": 100,
  "grid_count": 1915,
  "saved_at": "2026-03-29T13:31:24.729Z"
}